timestamp,geracao_kwh,consumo_kwh,exportado_kwh,solar_generation_kwh,house_consumption_kwh,grid_import_kwh,grid_export_kwh,self_consumption_kwh,estimated_savings_brl,weather_condition,expected_generation_kwh
1773235009,1.1511,0.1748,0.9764,1.1511,0.1748,0.0,0.9764,0.1748,0.1608,ensolarado,1.1819
1773235909,1.2076,0.1132,1.0944,1.2076,0.1132,0.0,1.0944,0.1132,0.1041,ensolarado,1.1528
1773236809,0.9945,0.0828,0.9117,0.9945,0.0828,0.0,0.9117,0.0828,0.0762,ensolarado,1.1187
1773237709,1.1234,0.0861,1.0373,1.1234,0.0861,0.0,1.0373,0.0861,0.0792,ensolarado,1.0798
1773238609,1.0945,0.1029,0.9915,1.0945,0.1029,0.0,0.9915,0.1029,0.0947,ensolarado,1.0363
1773239509,0.9401,0.101,0.8391,0.9401,0.101,0.0,0.8391,0.101,0.0929,ensolarado,0.9884
1773240409,0.9592,0.0807,0.8784,0.9592,0.0807,0.0,0.8784,0.0807,0.0743,ensolarado,0.9362
1773241309,0.8687,0.1097,0.759,0.8687,0.1097,0.0,0.759,0.1097,0.101,ensolarado,0.88
1773242209,0.7777,0.1217,0.656,0.7777,0.1217,0.0,0.656,0.1217,0.1119,ensolarado,0.8201
1773243109,0.7327,0.133,0.5997,0.7327,0.133,0.0,0.5997,0.133,0.1223,ensolarado,0.7566
1773244009,0.6772,0.0857,0.5915,0.6772,0.0857,0.0,0.5915,0.0857,0.0788,ensolarado,0.6899
1773244909,0.6128,0.1365,0.4763,0.6128,0.1365,0.0,0.4763,0.1365,0.1256,ensolarado,0.6203
1773245809,0.5004,0.1015,0.3989,0.5004,0.1015,0.0,0.3989,0.1015,0.0934,ensolarado,0.548
1773246709,0.4663,0.1436,0.3227,0.4663,0.1436,0.0,0.3227,0.1436,0.1321,ensolarado,0.4733
1773247609,0.354,0.0841,0.2699,0.354,0.0841,0.0,0.2699,0.0841,0.0773,ensolarado,0.3966
1773248509,0.3011,0.1232,0.1779,0.3011,0.1232,0.0,0.1779,0.1232,0.1133,ensolarado,0.3183
1773249409,0.2207,0.1232,0.0975,0.2207,0.1232,0.0,0.0975,0.1232,0.1133,ensolarado,0.2385
1773250309,0.1594,0.1437,0.0157,0.1594,0.1437,0.0,0.0157,0.1437,0.1322,ensolarado,0.1577
1773251209,0.078,0.1339,0.0,0.078,0.1339,0.0559,0.0,0.078,0.0718,ensolarado,0.0763
1773252109,0.0,0.3958,0.0,0.0,0.3958,0.3958,0.0,0.0,0.0,ensolarado,0.0
1773253009,0.0,0.3693,0.0,0.0,0.3693,0.3693,0.0,0.0,0.0,ensolarado,0.0
1773253909,0.0,0.3801,0.0,0.0,0.3801,0.3801,0.0,0.0,0.0,ensolarado,0.0
1773254809,0.0,0.3999,0.0,0.0,0.3999,0.3999,0.0,0.0,0.0,ensolarado,0.0
1773255709,0.0,0.4316,0.0,0.0,0.4316,0.4316,0.0,0.0,0.0,ensolarado,0.0
1773256609,0.0,0.4223,0.0,0.0,0.4223,0.4223,0.0,0.0,0.0,ensolarado,0.0
1773257509,0.0,0.3707,0.0,0.0,0.3707,0.3707,0.0,0.0,0.0,ensolarado,0.0
1773258409,0.0,0.3744,0.0,0.0,0.3744,0.3744,0.0,0.0,0.0,ensolarado,0.0
1773259309,0.0,0.4147,0.0,0.0,0.4147,0.4147,0.0,0.0,0.0,ensolarado,0.0
1773260209,0.0,0.4217,0.0,0.0,0.4217,0.4217,0.0,0.0,0.0,ensolarado,0.0
1773261109,0.0,0.4257,0.0,0.0,0.4257,0.4257,0.0,0.0,0.0,ensolarado,0.0
1773262009,0.0,0.4226,0.0,0.0,0.4226,0.4226,0.0,0.0,0.0,ensolarado,0.0
1773262909,0.0,0.4281,0.0,0.0,0.4281,0.4281,0.0,0.0,0.0,ensolarado,0.0
1773263809,0.0,0.3722,0.0,0.0,0.3722,0.3722,0.0,0.0,0.0,ensolarado,0.0
1773264709,0.0,0.3782,0.0,0.0,0.3782,0.3782,0.0,0.0,0.0,ensolarado,0.0
1773265609,0.0,0.3714,0.0,0.0,0.3714,0.3714,0.0,0.0,0.0,ensolarado,0.0
1773266509,0.0,0.378,0.0,0.0,0.378,0.378,0.0,0.0,0.0,ensolarado,0.0
1773267409,0.0,0.4077,0.0,0.0,0.4077,0.4077,0.0,0.0,0.0,ensolarado,0.0
1773268309,0.0,0.1104,0.0,0.0,0.1104,0.1104,0.0,0.0,0.0,ensolarado,0.0
1773269209,0.0,0.1431,0.0,0.0,0.1431,0.1431,0.0,0.0,0.0,ensolarado,0.0
1773270109,0.0,0.1423,0.0,0.0,0.1423,0.1423,0.0,0.0,0.0,ensolarado,0.0
1773271009,0.0,0.1566,0.0,0.0,0.1566,0.1566,0.0,0.0,0.0,ensolarado,0.0
1773271909,0.0,0.1714,0.0,0.0,0.1714,0.1714,0.0,0.0,0.0,ensolarado,0.0
1773272809,0.0,0.1487,0.0,0.0,0.1487,0.1487,0.0,0.0,0.0,ensolarado,0.0
1773273709,0.0,0.0981,0.0,0.0,0.0981,0.0981,0.0,0.0,0.0,ensolarado,0.0
1773274609,0.0,0.0813,0.0,0.0,0.0813,0.0813,0.0,0.0,0.0,ensolarado,0.0
1773275509,0.0,0.0526,0.0,0.0,0.0526,0.0526,0.0,0.0,0.0,ensolarado,0.0
1773276409,0.0,0.0995,0.0,0.0,0.0995,0.0995,0.0,0.0,0.0,ensolarado,0.0
1773277309,0.0,0.1038,0.0,0.0,0.1038,0.1038,0.0,0.0,0.0,ensolarado,0.0
1773278209,0.0,0.0583,0.0,0.0,0.0583,0.0583,0.0,0.0,0.0,ensolarado,0.0
1773279109,0.0,0.0672,0.0,0.0,0.0672,0.0672,0.0,0.0,0.0,ensolarado,0.0
1773280009,0.0,0.0961,0.0,0.0,0.0961,0.0961,0.0,0.0,0.0,ensolarado,0.0
1773280909,0.0,0.057,0.0,0.0,0.057,0.057,0.0,0.0,0.0,ensolarado,0.0
1773281809,0.0,0.0479,0.0,0.0,0.0479,0.0479,0.0,0.0,0.0,ensolarado,0.0
1773282709,0.0,0.0618,0.0,0.0,0.0618,0.0618,0.0,0.0,0.0,ensolarado,0.0
1773283609,0.0,0.0591,0.0,0.0,0.0591,0.0591,0.0,0.0,0.0,ensolarado,0.0
1773284509,0.0,0.0481,0.0,0.0,0.0481,0.0481,0.0,0.0,0.0,ensolarado,0.0
1773285409,0.0,0.0867,0.0,0.0,0.0867,0.0867,0.0,0.0,0.0,ensolarado,0.0
1773286309,0.0,0.0573,0.0,0.0,0.0573,0.0573,0.0,0.0,0.0,ensolarado,0.0
1773287209,0.0,0.1015,0.0,0.0,0.1015,0.1015,0.0,0.0,0.0,ensolarado,0.0
1773288109,0.0,0.0537,0.0,0.0,0.0537,0.0537,0.0,0.0,0.0,ensolarado,0.0
1773289009,0.0,0.0828,0.0,0.0,0.0828,0.0828,0.0,0.0,0.0,ensolarado,0.0
1773289909,0.0,0.1018,0.0,0.0,0.1018,0.1018,0.0,0.0,0.0,ensolarado,0.0
1773290809,0.0,0.096,0.0,0.0,0.096,0.096,0.0,0.0,0.0,ensolarado,0.0
1773291709,0.0,0.1162,0.0,0.0,0.1162,0.1162,0.0,0.0,0.0,ensolarado,0.0
1773292609,0.0,0.1348,0.0,0.0,0.1348,0.1348,0.0,0.0,0.0,ensolarado,0.0
1773293509,0.0,0.1001,0.0,0.0,0.1001,0.1001,0.0,0.0,0.0,ensolarado,0.0
1773294409,0.0,0.1434,0.0,0.0,0.1434,0.1434,0.0,0.0,0.0,ensolarado,0.0
1773295309,0.0055,0.2517,0.0,0.0055,0.2517,0.2462,0.0,0.0055,0.0051,ensolarado,0.0055
1773296209,0.0864,0.228,0.0,0.0864,0.228,0.1416,0.0,0.0864,0.0795,ensolarado,0.0872
1773297109,0.1581,0.2531,0.0,0.1581,0.2531,0.0951,0.0,0.1581,0.1454,ensolarado,0.1686
1773298009,0.2452,0.2262,0.019,0.2452,0.2262,0.0,0.019,0.2262,0.2081,ensolarado,0.2492
1773298909,0.315,0.2805,0.0345,0.315,0.2805,0.0,0.0345,0.2805,0.2581,ensolarado,0.3288
1773299809,0.3763,0.2822,0.0941,0.3763,0.2822,0.0,0.0941,0.2822,0.2596,ensolarado,0.407
1773300709,0.4631,0.2365,0.2267,0.4631,0.2365,0.0,0.2267,0.2365,0.2175,ensolarado,0.4834
1773301609,0.5057,0.2543,0.2514,0.5057,0.2543,0.0,0.2514,0.2543,0.234,ensolarado,0.5577
1773302509,0.5911,0.2618,0.3293,0.5911,0.2618,0.0,0.3293,0.2618,0.2409,ensolarado,0.6297
1773303409,0.6796,0.2482,0.4314,0.6796,0.2482,0.0,0.4314,0.2482,0.2283,ensolarado,0.699
1773304309,0.6988,0.1051,0.5936,0.6988,0.1051,0.0,0.5936,0.1051,0.0967,ensolarado,0.7653
1773305209,0.7268,0.131,0.5957,0.7268,0.131,0.0,0.5957,0.131,0.1205,ensolarado,0.8283
1773306109,0.9209,0.1299,0.791,0.9209,0.1299,0.0,0.791,0.1299,0.1195,ensolarado,0.8877
1773307009,0.8804,0.1325,0.7479,0.8804,0.1325,0.0,0.7479,0.1325,0.1219,ensolarado,0.9434
1773307909,0.8974,0.0898,0.8076,0.8974,0.0898,0.0,0.8076,0.0898,0.0826,ensolarado,0.995
1773308809,0.9975,0.1424,0.8551,0.9975,0.1424,0.0,0.8551,0.1424,0.131,ensolarado,1.0424
1773309709,1.029,0.129,0.9001,1.029,0.129,0.0,0.9001,0.129,0.1187,ensolarado,1.0852
1773310609,1.1769,0.1003,1.0766,1.1769,0.1003,0.0,1.0766,0.1003,0.0923,ensolarado,1.1235
1773311509,1.1921,0.125,1.0672,1.1921,0.125,0.0,1.0672,0.125,0.115,ensolarado,1.1569
1773312409,1.1305,0.1396,0.9909,1.1305,0.1396,0.0,0.9909,0.1396,0.1284,ensolarado,1.1854
1773313309,1.1777,0.0823,1.0954,1.1777,0.0823,0.0,1.0954,0.0823,0.0757,ensolarado,1.2088
1773314209,1.0942,0.1081,0.9861,1.0942,0.1081,0.0,0.9861,0.1081,0.0994,ensolarado,1.227
1773315109,1.1935,0.1785,1.015,1.1935,0.1785,0.0,1.015,0.1785,0.1642,ensolarado,1.24
1773316009,1.1382,0.2017,0.9365,1.1382,0.2017,0.0,0.9365,0.2017,0.1856,ensolarado,1.2477
1773316909,1.1775,0.1624,1.0151,1.1775,0.1624,0.0,1.0151,0.1624,0.1494,ensolarado,1.25
1773317809,1.1906,0.1619,1.0287,1.1906,0.1619,0.0,1.0287,0.1619,0.1489,ensolarado,1.247
1773318709,1.2853,0.1794,1.1059,1.2853,0.1794,0.0,1.1059,0.1794,0.165,ensolarado,1.2386
1773319609,1.2093,0.1435,1.0658,1.2093,0.1435,0.0,1.0658,0.1435,0.132,ensolarado,1.2249
1773320509,1.0962,0.1492,0.9469,1.0962,0.1492,0.0,0.9469,0.1492,0.1373,ensolarado,1.206
1773321409,1.2574,0.1869,1.0705,1.2574,0.1869,0.0,1.0705,0.1869,0.1719,ensolarado,1.1819
1773322309,1.1559,0.1223,1.0336,1.1559,0.1223,0.0,1.0336,0.1223,0.1125,ensolarado,1.1528
1773323209,1.0528,0.1044,0.9484,1.0528,0.1044,0.0,0.9484,0.1044,0.096,ensolarado,1.1187
1773324109,0.9797,0.1091,0.8705,0.9797,0.1091,0.0,0.8705,0.1091,0.1004,ensolarado,1.0798
1773325009,0.9298,0.1294,0.8004,0.9298,0.1294,0.0,0.8004,0.1294,0.119,ensolarado,1.0363
1773325909,0.9804,0.1282,0.8522,0.9804,0.1282,0.0,0.8522,0.1282,0.118,ensolarado,0.9884
1773326809,0.9245,0.1189,0.8055,0.9245,0.1189,0.0,0.8055,0.1189,0.1094,ensolarado,0.9362
1773327709,0.8718,0.1086,0.7631,0.8718,0.1086,0.0,0.7631,0.1086,0.0999,ensolarado,0.88
1773328609,0.7279,0.101,0.6269,0.7279,0.101,0.0,0.6269,0.101,0.0929,ensolarado,0.8201
1773329509,0.7396,0.1134,0.6262,0.7396,0.1134,0.0,0.6262,0.1134,0.1043,ensolarado,0.7566
1773330409,0.6677,0.0839,0.5838,0.6677,0.0839,0.0,0.5838,0.0839,0.0772,ensolarado,0.6899
1773331309,0.5812,0.124,0.4571,0.5812,0.124,0.0,0.4571,0.124,0.1141,ensolarado,0.6203
1773332209,0.514,0.1273,0.3867,0.514,0.1273,0.0,0.3867,0.1273,0.1171,ensolarado,0.548
1773333109,0.4564,0.1277,0.3287,0.4564,0.1277,0.0,0.3287,0.1277,0.1175,ensolarado,0.4733
1773334009,0.3849,0.1146,0.2703,0.3849,0.1146,0.0,0.2703,0.1146,0.1055,ensolarado,0.3966
1773334909,0.3069,0.1009,0.206,0.3069,0.1009,0.0,0.206,0.1009,0.0928,ensolarado,0.3183
1773335809,0.2173,0.1025,0.1148,0.2173,0.1025,0.0,0.1148,0.1025,0.0943,ensolarado,0.2385
1773336709,0.1583,0.1049,0.0535,0.1583,0.1049,0.0,0.0535,0.1049,0.0965,ensolarado,0.1577
1773337609,0.0784,0.1342,0.0,0.0784,0.1342,0.0558,0.0,0.0784,0.0721,ensolarado,0.0763
1773338509,0.0,0.3837,0.0,0.0,0.3837,0.3837,0.0,0.0,0.0,ensolarado,0.0
1773339409,0.0,0.3845,0.0,0.0,0.3845,0.3845,0.0,0.0,0.0,ensolarado,0.0
1773340309,0.0,0.3758,0.0,0.0,0.3758,0.3758,0.0,0.0,0.0,ensolarado,0.0
1773341209,0.0,0.4212,0.0,0.0,0.4212,0.4212,0.0,0.0,0.0,ensolarado,0.0
1773342109,0.0,0.3939,0.0,0.0,0.3939,0.3939,0.0,0.0,0.0,ensolarado,0.0
1773343009,0.0,0.419,0.0,0.0,0.419,0.419,0.0,0.0,0.0,ensolarado,0.0
1773343909,0.0,0.432,0.0,0.0,0.432,0.432,0.0,0.0,0.0,ensolarado,0.0
1773344809,0.0,0.3784,0.0,0.0,0.3784,0.3784,0.0,0.0,0.0,ensolarado,0.0
1773345709,0.0,0.4108,0.0,0.0,0.4108,0.4108,0.0,0.0,0.0,ensolarado,0.0
1773346609,0.0,0.4135,0.0,0.0,0.4135,0.4135,0.0,0.0,0.0,ensolarado,0.0
1773347509,0.0,0.4267,0.0,0.0,0.4267,0.4267,0.0,0.0,0.0,ensolarado,0.0
1773348409,0.0,0.3751,0.0,0.0,0.3751,0.3751,0.0,0.0,0.0,ensolarado,0.0
1773349309,0.0,0.4283,0.0,0.0,0.4283,0.4283,0.0,0.0,0.0,ensolarado,0.0
1773350209,0.0,0.3829,0.0,0.0,0.3829,0.3829,0.0,0.0,0.0,ensolarado,0.0
1773351109,0.0,0.3959,0.0,0.0,0.3959,0.3959,0.0,0.0,0.0,ensolarado,0.0
1773352009,0.0,0.4118,0.0,0.0,0.4118,0.4118,0.0,0.0,0.0,ensolarado,0.0
1773352909,0.0,0.392,0.0,0.0,0.392,0.392,0.0,0.0,0.0,ensolarado,0.0
1773353809,0.0,0.4046,0.0,0.0,0.4046,0.4046,0.0,0.0,0.0,ensolarado,0.0
1773354709,0.0,0.1422,0.0,0.0,0.1422,0.1422,0.0,0.0,0.0,ensolarado,0.0
1773355609,0.0,0.087,0.0,0.0,0.087,0.087,0.0,0.0,0.0,ensolarado,0.0
1773356509,0.0,0.1837,0.0,0.0,0.1837,0.1837,0.0,0.0,0.0,ensolarado,0.0
1773357409,0.0,0.1864,0.0,0.0,0.1864,0.1864,0.0,0.0,0.0,ensolarado,0.0
1773358309,0.0,0.1629,0.0,0.0,0.1629,0.1629,0.0,0.0,0.0,ensolarado,0.0
1773359209,0.0,0.1727,0.0,0.0,0.1727,0.1727,0.0,0.0,0.0,ensolarado,0.0
1773360109,0.0,0.0548,0.0,0.0,0.0548,0.0548,0.0,0.0,0.0,parcialmente_nublado,0.0
1773361009,0.0,0.0724,0.0,0.0,0.0724,0.0724,0.0,0.0,0.0,parcialmente_nublado,0.0
1773361909,0.0,0.0611,0.0,0.0,0.0611,0.0611,0.0,0.0,0.0,parcialmente_nublado,0.0
1773362809,0.0,0.0794,0.0,0.0,0.0794,0.0794,0.0,0.0,0.0,parcialmente_nublado,0.0
1773363709,0.0,0.0783,0.0,0.0,0.0783,0.0783,0.0,0.0,0.0,parcialmente_nublado,0.0
1773364609,0.0,0.0651,0.0,0.0,0.0651,0.0651,0.0,0.0,0.0,parcialmente_nublado,0.0
1773365509,0.0,0.1011,0.0,0.0,0.1011,0.1011,0.0,0.0,0.0,parcialmente_nublado,0.0
1773366409,0.0,0.0777,0.0,0.0,0.0777,0.0777,0.0,0.0,0.0,parcialmente_nublado,0.0
1773367309,0.0,0.047,0.0,0.0,0.047,0.047,0.0,0.0,0.0,parcialmente_nublado,0.0
1773368209,0.0,0.0584,0.0,0.0,0.0584,0.0584,0.0,0.0,0.0,parcialmente_nublado,0.0
1773369109,0.0,0.0759,0.0,0.0,0.0759,0.0759,0.0,0.0,0.0,parcialmente_nublado,0.0
1773370009,0.0,0.0709,0.0,0.0,0.0709,0.0709,0.0,0.0,0.0,parcialmente_nublado,0.0
1773370909,0.0,0.0722,0.0,0.0,0.0722,0.0722,0.0,0.0,0.0,parcialmente_nublado,0.0
1773371809,0.0,0.0707,0.0,0.0,0.0707,0.0707,0.0,0.0,0.0,parcialmente_nublado,0.0
1773372709,0.0,0.0855,0.0,0.0,0.0855,0.0855,0.0,0.0,0.0,parcialmente_nublado,0.0
1773373609,0.0,0.0639,0.0,0.0,0.0639,0.0639,0.0,0.0,0.0,parcialmente_nublado,0.0
1773374509,0.0,0.0501,0.0,0.0,0.0501,0.0501,0.0,0.0,0.0,parcialmente_nublado,0.0
1773375409,0.0,0.085,0.0,0.0,0.085,0.085,0.0,0.0,0.0,parcialmente_nublado,0.0
1773376309,0.0,0.1093,0.0,0.0,0.1093,0.1093,0.0,0.0,0.0,parcialmente_nublado,0.0
1773377209,0.0,0.0493,0.0,0.0,0.0493,0.0493,0.0,0.0,0.0,parcialmente_nublado,0.0
1773378109,0.0,0.1128,0.0,0.0,0.1128,0.1128,0.0,0.0,0.0,parcialmente_nublado,0.0
1773379009,0.0,0.1348,0.0,0.0,0.1348,0.1348,0.0,0.0,0.0,parcialmente_nublado,0.0
1773379909,0.0,0.1205,0.0,0.0,0.1205,0.1205,0.0,0.0,0.0,parcialmente_nublado,0.0
1773380809,0.0,0.1398,0.0,0.0,0.1398,0.1398,0.0,0.0,0.0,parcialmente_nublado,0.0
1773381709,0.0044,0.2713,0.0,0.0044,0.2713,0.2669,0.0,0.0044,0.004,parcialmente_nublado,0.0055
1773382609,0.067,0.2182,0.0,0.067,0.2182,0.1512,0.0,0.067,0.0616,parcialmente_nublado,0.0872
1773383509,0.1287,0.2201,0.0,0.1287,0.2201,0.0914,0.0,0.1287,0.1184,parcialmente_nublado,0.1686
1773384409,0.1744,0.2635,0.0,0.1744,0.2635,0.0891,0.0,0.1744,0.1604,parcialmente_nublado,0.2492
1773385309,0.2345,0.2551,0.0,0.2345,0.2551,0.0206,0.0,0.2345,0.2158,parcialmente_nublado,0.3288
1773386209,0.2953,0.2377,0.0577,0.2953,0.2377,0.0,0.0577,0.2377,0.2186,parcialmente_nublado,0.407
1773387109,0.3314,0.2509,0.0805,0.3314,0.2509,0.0,0.0805,0.2509,0.2308,parcialmente_nublado,0.4834
1773388009,0.4127,0.2758,0.1369,0.4127,0.2758,0.0,0.1369,0.2758,0.2537,parcialmente_nublado,0.5577
1773388909,0.4398,0.2761,0.1637,0.4398,0.2761,0.0,0.1637,0.2761,0.254,parcialmente_nublado,0.6297
1773389809,0.4571,0.2217,0.2355,0.4571,0.2217,0.0,0.2355,0.2217,0.2039,parcialmente_nublado,0.699
1773390709,0.5436,0.1396,0.404,0.5436,0.1396,0.0,0.404,0.1396,0.1284,parcialmente_nublado,0.7653
1773391609,0.5476,0.1364,0.4112,0.5476,0.1364,0.0,0.4112,0.1364,0.1255,parcialmente_nublado,0.8283
1773392509,0.6697,0.1408,0.5289,0.6697,0.1408,0.0,0.5289,0.1408,0.1296,parcialmente_nublado,0.8877
1773393409,0.6941,0.0886,0.6055,0.6941,0.0886,0.0,0.6055,0.0886,0.0815,parcialmente_nublado,0.9434
1773394309,0.7486,0.1221,0.6265,0.7486,0.1221,0.0,0.6265,0.1221,0.1124,parcialmente_nublado,0.995
1773395209,0.8067,0.1408,0.6659,0.8067,0.1408,0.0,0.6659,0.1408,0.1295,parcialmente_nublado,1.0424
1773396109,0.7796,0.1183,0.6613,0.7796,0.1183,0.0,0.6613,0.1183,0.1089,parcialmente_nublado,1.0852
1773397009,0.8243,0.1411,0.6832,0.8243,0.1411,0.0,0.6832,0.1411,0.1298,parcialmente_nublado,1.1235
1773397909,0.8761,0.1133,0.7629,0.8761,0.1133,0.0,0.7629,0.1133,0.1042,parcialmente_nublado,1.1569
1773398809,0.8293,0.13,0.6993,0.8293,0.13,0.0,0.6993,0.13,0.1196,parcialmente_nublado,1.1854
1773399709,0.894,0.1077,0.7863,0.894,0.1077,0.0,0.7863,0.1077,0.0991,parcialmente_nublado,1.2088
1773400609,0.901,0.1072,0.7937,0.901,0.1072,0.0,0.7937,0.1072,0.0987,parcialmente_nublado,1.227
1773401509,0.9839,0.2029,0.781,0.9839,0.2029,0.0,0.781,0.2029,0.1866,parcialmente_nublado,1.24
1773402409,0.9198,0.1951,0.7247,0.9198,0.1951,0.0,0.7247,0.1951,0.1795,parcialmente_nublado,1.2477
1773403309,0.8677,0.1958,0.6719,0.8677,0.1958,0.0,0.6719,0.1958,0.1802,parcialmente_nublado,1.25
1773404209,0.8947,0.1858,0.7089,0.8947,0.1858,0.0,0.7089,0.1858,0.1709,parcialmente_nublado,1.247
1773405109,0.9359,0.1587,0.7773,0.9359,0.1587,0.0,0.7773,0.1587,0.146,parcialmente_nublado,1.2386
1773406009,0.8933,0.183,0.7103,0.8933,0.183,0.0,0.7103,0.183,0.1684,parcialmente_nublado,1.2249
1773406909,0.9459,0.1777,0.7682,0.9459,0.1777,0.0,0.7682,0.1777,0.1635,parcialmente_nublado,1.206
1773407809,0.8685,0.1449,0.7236,0.8685,0.1449,0.0,0.7236,0.1449,0.1333,parcialmente_nublado,1.1819
1773408709,0.8447,0.0984,0.7463,0.8447,0.0984,0.0,0.7463,0.0984,0.0905,parcialmente_nublado,1.1528
1773409609,0.8782,0.1412,0.7369,0.8782,0.1412,0.0,0.7369,0.1412,0.1299,parcialmente_nublado,1.1187
1773410509,0.7547,0.1001,0.6546,0.7547,0.1001,0.0,0.6546,0.1001,0.0921,parcialmente_nublado,1.0798
1773411409,0.7704,0.1107,0.6597,0.7704,0.1107,0.0,0.6597,0.1107,0.1019,parcialmente_nublado,1.0363
1773412309,0.6836,0.0905,0.5931,0.6836,0.0905,0.0,0.5931,0.0905,0.0833,parcialmente_nublado,0.9884
1773413209,0.6821,0.0904,0.5917,0.6821,0.0904,0.0,0.5917,0.0904,0.0832,parcialmente_nublado,0.9362
1773414109,0.6537,0.0899,0.5638,0.6537,0.0899,0.0,0.5638,0.0899,0.0827,parcialmente_nublado,0.88
1773415009,0.5577,0.1214,0.4363,0.5577,0.1214,0.0,0.4363,0.1214,0.1117,parcialmente_nublado,0.8201
1773415909,0.5184,0.0896,0.4288,0.5184,0.0896,0.0,0.4288,0.0896,0.0824,parcialmente_nublado,0.7566
1773416809,0.5305,0.0823,0.4482,0.5305,0.0823,0.0,0.4482,0.0823,0.0757,parcialmente_nublado,0.6899
1773417709,0.4377,0.0855,0.3523,0.4377,0.0855,0.0,0.3523,0.0855,0.0786,parcialmente_nublado,0.6203
1773418609,0.3835,0.1023,0.2812,0.3835,0.1023,0.0,0.2812,0.1023,0.0941,parcialmente_nublado,0.548
1773419509,0.3539,0.0876,0.2663,0.3539,0.0876,0.0,0.2663,0.0876,0.0806,parcialmente_nublado,0.4733
1773420409,0.283,0.0972,0.1857,0.283,0.0972,0.0,0.1857,0.0972,0.0895,parcialmente_nublado,0.3966
1773421309,0.2311,0.1214,0.1097,0.2311,0.1214,0.0,0.1097,0.1214,0.1117,parcialmente_nublado,0.3183
1773422209,0.1799,0.1336,0.0463,0.1799,0.1336,0.0,0.0463,0.1336,0.1229,parcialmente_nublado,0.2385
1773423109,0.1133,0.0883,0.025,0.1133,0.0883,0.0,0.025,0.0883,0.0813,parcialmente_nublado,0.1577
1773424009,0.052,0.1447,0.0,0.052,0.1447,0.0927,0.0,0.052,0.0479,parcialmente_nublado,0.0763
1773424909,0.0,0.4239,0.0,0.0,0.4239,0.4239,0.0,0.0,0.0,parcialmente_nublado,0.0
1773425809,0.0,0.406,0.0,0.0,0.406,0.406,0.0,0.0,0.0,parcialmente_nublado,0.0
1773426709,0.0,0.3949,0.0,0.0,0.3949,0.3949,0.0,0.0,0.0,parcialmente_nublado,0.0
1773427609,0.0,0.4232,0.0,0.0,0.4232,0.4232,0.0,0.0,0.0,parcialmente_nublado,0.0
1773428509,0.0,0.4131,0.0,0.0,0.4131,0.4131,0.0,0.0,0.0,parcialmente_nublado,0.0
1773429409,0.0,0.3803,0.0,0.0,0.3803,0.3803,0.0,0.0,0.0,parcialmente_nublado,0.0
1773430309,0.0,0.382,0.0,0.0,0.382,0.382,0.0,0.0,0.0,parcialmente_nublado,0.0
1773431209,0.0,0.3852,0.0,0.0,0.3852,0.3852,0.0,0.0,0.0,parcialmente_nublado,0.0
1773432109,0.0,0.383,0.0,0.0,0.383,0.383,0.0,0.0,0.0,parcialmente_nublado,0.0
1773433009,0.0,0.4089,0.0,0.0,0.4089,0.4089,0.0,0.0,0.0,parcialmente_nublado,0.0
1773433909,0.0,0.369,0.0,0.0,0.369,0.369,0.0,0.0,0.0,parcialmente_nublado,0.0
1773434809,0.0,0.4285,0.0,0.0,0.4285,0.4285,0.0,0.0,0.0,parcialmente_nublado,0.0
1773435709,0.0,0.4076,0.0,0.0,0.4076,0.4076,0.0,0.0,0.0,parcialmente_nublado,0.0
1773436609,0.0,0.4278,0.0,0.0,0.4278,0.4278,0.0,0.0,0.0,parcialmente_nublado,0.0
1773437509,0.0,0.3729,0.0,0.0,0.3729,0.3729,0.0,0.0,0.0,parcialmente_nublado,0.0
1773438409,0.0,0.4146,0.0,0.0,0.4146,0.4146,0.0,0.0,0.0,parcialmente_nublado,0.0
1773439309,0.0,0.3929,0.0,0.0,0.3929,0.3929,0.0,0.0,0.0,parcialmente_nublado,0.0
1773440209,0.0,0.4072,0.0,0.0,0.4072,0.4072,0.0,0.0,0.0,parcialmente_nublado,0.0
1773441109,0.0,0.0874,0.0,0.0,0.0874,0.0874,0.0,0.0,0.0,parcialmente_nublado,0.0
1773442009,0.0,0.1429,0.0,0.0,0.1429,0.1429,0.0,0.0,0.0,parcialmente_nublado,0.0
1773442909,0.0,0.1645,0.0,0.0,0.1645,0.1645,0.0,0.0,0.0,parcialmente_nublado,0.0
1773443809,0.0,0.1427,0.0,0.0,0.1427,0.1427,0.0,0.0,0.0,parcialmente_nublado,0.0
1773444709,0.0,0.1779,0.0,0.0,0.1779,0.1779,0.0,0.0,0.0,parcialmente_nublado,0.0
1773445609,0.0,0.1856,0.0,0.0,0.1856,0.1856,0.0,0.0,0.0,parcialmente_nublado,0.0
1773446509,0.0,0.1521,0.0,0.0,0.1521,0.1521,0.0,0.0,0.0,parcialmente_nublado,0.0
1773447409,0.0,0.1455,0.0,0.0,0.1455,0.1455,0.0,0.0,0.0,parcialmente_nublado,0.0
1773448309,0.0,0.1072,0.0,0.0,0.1072,0.1072,0.0,0.0,0.0,parcialmente_nublado,0.0
1773449209,0.0,0.1204,0.0,0.0,0.1204,0.1204,0.0,0.0,0.0,parcialmente_nublado,0.0
1773450109,0.0,0.1516,0.0,0.0,0.1516,0.1516,0.0,0.0,0.0,parcialmente_nublado,0.0
1773451009,0.0,0.1063,0.0,0.0,0.1063,0.1063,0.0,0.0,0.0,parcialmente_nublado,0.0
1773451909,0.0,0.1427,0.0,0.0,0.1427,0.1427,0.0,0.0,0.0,parcialmente_nublado,0.0
1773452809,0.0,0.1333,0.0,0.0,0.1333,0.1333,0.0,0.0,0.0,parcialmente_nublado,0.0
1773453709,0.0,0.1188,0.0,0.0,0.1188,0.1188,0.0,0.0,0.0,parcialmente_nublado,0.0
1773454609,0.0,0.1469,0.0,0.0,0.1469,0.1469,0.0,0.0,0.0,parcialmente_nublado,0.0
1773455509,0.0,0.1108,0.0,0.0,0.1108,0.1108,0.0,0.0,0.0,parcialmente_nublado,0.0
1773456409,0.0,0.153,0.0,0.0,0.153,0.153,0.0,0.0,0.0,parcialmente_nublado,0.0
1773457309,0.0,0.1071,0.0,0.0,0.1071,0.1071,0.0,0.0,0.0,parcialmente_nublado,0.0
1773458209,0.0,0.1539,0.0,0.0,0.1539,0.1539,0.0,0.0,0.0,parcialmente_nublado,0.0
1773459109,0.0,0.1339,0.0,0.0,0.1339,0.1339,0.0,0.0,0.0,parcialmente_nublado,0.0
1773460009,0.0,0.0999,0.0,0.0,0.0999,0.0999,0.0,0.0,0.0,parcialmente_nublado,0.0
1773460909,0.0,0.1409,0.0,0.0,0.1409,0.1409,0.0,0.0,0.0,parcialmente_nublado,0.0
1773461809,0.0,0.1261,0.0,0.0,0.1261,0.1261,0.0,0.0,0.0,parcialmente_nublado,0.0
1773462709,0.0,0.0945,0.0,0.0,0.0945,0.0945,0.0,0.0,0.0,parcialmente_nublado,0.0
1773463609,0.0,0.1105,0.0,0.0,0.1105,0.1105,0.0,0.0,0.0,parcialmente_nublado,0.0
1773464509,0.0,0.1503,0.0,0.0,0.1503,0.1503,0.0,0.0,0.0,parcialmente_nublado,0.0
1773465409,0.0,0.1626,0.0,0.0,0.1626,0.1626,0.0,0.0,0.0,parcialmente_nublado,0.0
1773466309,0.0,0.1745,0.0,0.0,0.1745,0.1745,0.0,0.0,0.0,parcialmente_nublado,0.0
1773467209,0.0,0.1892,0.0,0.0,0.1892,0.1892,0.0,0.0,0.0,parcialmente_nublado,0.0
1773468109,0.004,0.3076,0.0,0.004,0.3076,0.3036,0.0,0.004,0.0037,parcialmente_nublado,0.0055
1773469009,0.0612,0.3016,0.0,0.0612,0.3016,0.2404,0.0,0.0612,0.0563,parcialmente_nublado,0.0872
1773469909,0.1218,0.272,0.0,0.1218,0.272,0.1501,0.0,0.1218,0.1121,parcialmente_nublado,0.1686
1773470809,0.1793,0.2957,0.0,0.1793,0.2957,0.1163,0.0,0.1793,0.165,parcialmente_nublado,0.2492
1773471709,0.2357,0.2966,0.0,0.2357,0.2966,0.0609,0.0,0.2357,0.2169,parcialmente_nublado,0.3288
1773472609,0.3154,0.2821,0.0333,0.3154,0.2821,0.0,0.0333,0.2821,0.2596,parcialmente_nublado,0.407
1773473509,0.3493,0.2735,0.0758,0.3493,0.2735,0.0,0.0758,0.2735,0.2516,parcialmente_nublado,0.4834
1773474409,0.4363,0.2934,0.143,0.4363,0.2934,0.0,0.143,0.2934,0.2699,parcialmente_nublado,0.5577
1773475309,0.452,0.3021,0.1499,0.452,0.3021,0.0,0.1499,0.3021,0.2779,parcialmente_nublado,0.6297
1773476209,0.5133,0.3064,0.2069,0.5133,0.3064,0.0,0.2069,0.3064,0.2819,parcialmente_nublado,0.699
1773477109,0.5277,0.1328,0.3949,0.5277,0.1328,0.0,0.3949,0.1328,0.1222,parcialmente_nublado,0.7653
1773478009,0.6082,0.1826,0.4256,0.6082,0.1826,0.0,0.4256,0.1826,0.168,parcialmente_nublado,0.8283
1773478909,0.6821,0.1833,0.4989,0.6821,0.1833,0.0,0.4989,0.1833,0.1686,parcialmente_nublado,0.8877
1773479809,0.6718,0.1669,0.5049,0.6718,0.1669,0.0,0.5049,0.1669,0.1536,parcialmente_nublado,0.9434
1773480709,0.7126,0.18,0.5326,0.7126,0.18,0.0,0.5326,0.18,0.1656,parcialmente_nublado,0.995
1773481609,0.7532,0.1488,0.6045,0.7532,0.1488,0.0,0.6045,0.1488,0.1369,parcialmente_nublado,1.0424
1773482509,0.7997,0.1284,0.6712,0.7997,0.1284,0.0,0.6712,0.1284,0.1181,parcialmente_nublado,1.0852
1773483409,0.8284,0.1431,0.6852,0.8284,0.1431,0.0,0.6852,0.1431,0.1317,parcialmente_nublado,1.1235
1773484309,0.8941,0.1602,0.7339,0.8941,0.1602,0.0,0.7339,0.1602,0.1474,parcialmente_nublado,1.1569
1773485209,0.861,0.1491,0.7119,0.861,0.1491,0.0,0.7119,0.1491,0.1372,parcialmente_nublado,1.1854
1773486109,0.9476,0.1861,0.7614,0.9476,0.1861,0.0,0.7614,0.1861,0.1712,parcialmente_nublado,1.2088
1773487009,0.9061,0.1842,0.7219,0.9061,0.1842,0.0,0.7219,0.1842,0.1694,parcialmente_nublado,1.227
1773487909,0.9336,0.2467,0.6869,0.9336,0.2467,0.0,0.6869,0.2467,0.227,parcialmente_nublado,1.24
1773488809,0.9449,0.1925,0.7525,0.9449,0.1925,0.0,0.7525,0.1925,0.1771,parcialmente_nublado,1.2477
1773489709,0.8862,0.2288,0.6575,0.8862,0.2288,0.0,0.6575,0.2288,0.2105,parcialmente_nublado,1.25
1773490609,0.8856,0.2011,0.6845,0.8856,0.2011,0.0,0.6845,0.2011,0.185,parcialmente_nublado,1.247
1773491509,0.8262,0.214,0.6122,0.8262,0.214,0.0,0.6122,0.214,0.1969,parcialmente_nublado,1.2386
1773492409,0.9441,0.1951,0.749,0.9441,0.1951,0.0,0.749,0.1951,0.1795,parcialmente_nublado,1.2249
1773493309,0.9674,0.1947,0.7727,0.9674,0.1947,0.0,0.7727,0.1947,0.1791,parcialmente_nublado,1.206
1773494209,0.8835,0.2304,0.6531,0.8835,0.2304,0.0,0.6531,0.2304,0.212,parcialmente_nublado,1.1819
1773495109,0.7998,0.1406,0.6592,0.7998,0.1406,0.0,0.6592,0.1406,0.1294,parcialmente_nublado,1.1528
1773496009,0.7892,0.1265,0.6627,0.7892,0.1265,0.0,0.6627,0.1265,0.1163,parcialmente_nublado,1.1187
1773496909,0.7415,0.1301,0.6114,0.7415,0.1301,0.0,0.6114,0.1301,0.1196,parcialmente_nublado,1.0798
1773497809,0.7124,0.1306,0.5818,0.7124,0.1306,0.0,0.5818,0.1306,0.1202,parcialmente_nublado,1.0363
1773498709,0.7281,0.1431,0.5849,0.7281,0.1431,0.0,0.5849,0.1431,0.1317,parcialmente_nublado,0.9884
1773499609,0.6852,0.1899,0.4953,0.6852,0.1899,0.0,0.4953,0.1899,0.1747,parcialmente_nublado,0.9362
1773500509,0.645,0.1284,0.5166,0.645,0.1284,0.0,0.5166,0.1284,0.1181,parcialmente_nublado,0.88
1773501409,0.573,0.182,0.391,0.573,0.182,0.0,0.391,0.182,0.1674,parcialmente_nublado,0.8201
1773502309,0.5683,0.1647,0.4037,0.5683,0.1647,0.0,0.4037,0.1647,0.1515,parcialmente_nublado,0.7566
1773503209,0.4944,0.1611,0.3333,0.4944,0.1611,0.0,0.3333,0.1611,0.1482,parcialmente_nublado,0.6899
1773504109,0.4716,0.1791,0.2925,0.4716,0.1791,0.0,0.2925,0.1791,0.1648,parcialmente_nublado,0.6203
1773505009,0.4354,0.1471,0.2883,0.4354,0.1471,0.0,0.2883,0.1471,0.1354,parcialmente_nublado,0.548
1773505909,0.3491,0.152,0.197,0.3491,0.152,0.0,0.197,0.152,0.1399,parcialmente_nublado,0.4733
1773506809,0.3084,0.1731,0.1353,0.3084,0.1731,0.0,0.1353,0.1731,0.1593,parcialmente_nublado,0.3966
1773507709,0.2315,0.1687,0.0628,0.2315,0.1687,0.0,0.0628,0.1687,0.1552,parcialmente_nublado,0.3183
1773508609,0.1838,0.1775,0.0063,0.1838,0.1775,0.0,0.0063,0.1775,0.1633,parcialmente_nublado,0.2385
1773509509,0.1207,0.1349,0.0,0.1207,0.1349,0.0142,0.0,0.1207,0.111,parcialmente_nublado,0.1577
1773510409,0.0558,0.148,0.0,0.0558,0.148,0.0921,0.0,0.0558,0.0513,parcialmente_nublado,0.0763
1773511309,0.0,0.4495,0.0,0.0,0.4495,0.4495,0.0,0.0,0.0,parcialmente_nublado,0.0
1773512209,0.0,0.45,0.0,0.0,0.45,0.45,0.0,0.0,0.0,parcialmente_nublado,0.0
1773513109,0.0,0.4607,0.0,0.0,0.4607,0.4607,0.0,0.0,0.0,parcialmente_nublado,0.0
1773514009,0.0,0.427,0.0,0.0,0.427,0.427,0.0,0.0,0.0,parcialmente_nublado,0.0
1773514909,0.0,0.4208,0.0,0.0,0.4208,0.4208,0.0,0.0,0.0,parcialmente_nublado,0.0
1773515809,0.0,0.4326,0.0,0.0,0.4326,0.4326,0.0,0.0,0.0,parcialmente_nublado,0.0
1773516709,0.0,0.4479,0.0,0.0,0.4479,0.4479,0.0,0.0,0.0,parcialmente_nublado,0.0
1773517609,0.0,0.4182,0.0,0.0,0.4182,0.4182,0.0,0.0,0.0,parcialmente_nublado,0.0
1773518509,0.0,0.4552,0.0,0.0,0.4552,0.4552,0.0,0.0,0.0,parcialmente_nublado,0.0
1773519409,0.0,0.4321,0.0,0.0,0.4321,0.4321,0.0,0.0,0.0,parcialmente_nublado,0.0
1773520309,0.0,0.4355,0.0,0.0,0.4355,0.4355,0.0,0.0,0.0,parcialmente_nublado,0.0
1773521209,0.0,0.4706,0.0,0.0,0.4706,0.4706,0.0,0.0,0.0,parcialmente_nublado,0.0
1773522109,0.0,0.4332,0.0,0.0,0.4332,0.4332,0.0,0.0,0.0,parcialmente_nublado,0.0
1773523009,0.0,0.4592,0.0,0.0,0.4592,0.4592,0.0,0.0,0.0,parcialmente_nublado,0.0
1773523909,0.0,0.4218,0.0,0.0,0.4218,0.4218,0.0,0.0,0.0,parcialmente_nublado,0.0
1773524809,0.0,0.4299,0.0,0.0,0.4299,0.4299,0.0,0.0,0.0,parcialmente_nublado,0.0
1773525709,0.0,0.4528,0.0,0.0,0.4528,0.4528,0.0,0.0,0.0,parcialmente_nublado,0.0
1773526609,0.0,0.4753,0.0,0.0,0.4753,0.4753,0.0,0.0,0.0,parcialmente_nublado,0.0
1773527509,0.0,0.1437,0.0,0.0,0.1437,0.1437,0.0,0.0,0.0,parcialmente_nublado,0.0
1773528409,0.0,0.1556,0.0,0.0,0.1556,0.1556,0.0,0.0,0.0,parcialmente_nublado,0.0
1773529309,0.0,0.1966,0.0,0.0,0.1966,0.1966,0.0,0.0,0.0,parcialmente_nublado,0.0
1773530209,0.0,0.228,0.0,0.0,0.228,0.228,0.0,0.0,0.0,parcialmente_nublado,0.0
1773531109,0.0,0.2164,0.0,0.0,0.2164,0.2164,0.0,0.0,0.0,parcialmente_nublado,0.0
1773532009,0.0,0.1968,0.0,0.0,0.1968,0.1968,0.0,0.0,0.0,parcialmente_nublado,0.0
1773532909,0.0,0.1375,0.0,0.0,0.1375,0.1375,0.0,0.0,0.0,nublado,0.0
1773533809,0.0,0.0978,0.0,0.0,0.0978,0.0978,0.0,0.0,0.0,nublado,0.0
1773534709,0.0,0.1497,0.0,0.0,0.1497,0.1497,0.0,0.0,0.0,nublado,0.0
1773535609,0.0,0.1514,0.0,0.0,0.1514,0.1514,0.0,0.0,0.0,nublado,0.0
1773536509,0.0,0.1101,0.0,0.0,0.1101,0.1101,0.0,0.0,0.0,nublado,0.0
1773537409,0.0,0.1187,0.0,0.0,0.1187,0.1187,0.0,0.0,0.0,nublado,0.0
1773538309,0.0,0.0907,0.0,0.0,0.0907,0.0907,0.0,0.0,0.0,nublado,0.0
1773539209,0.0,0.1431,0.0,0.0,0.1431,0.1431,0.0,0.0,0.0,nublado,0.0
1773540109,0.0,0.1535,0.0,0.0,0.1535,0.1535,0.0,0.0,0.0,nublado,0.0
1773541009,0.0,0.1101,0.0,0.0,0.1101,0.1101,0.0,0.0,0.0,nublado,0.0
1773541909,0.0,0.0902,0.0,0.0,0.0902,0.0902,0.0,0.0,0.0,nublado,0.0
1773542809,0.0,0.0952,0.0,0.0,0.0952,0.0952,0.0,0.0,0.0,nublado,0.0
1773543709,0.0,0.1463,0.0,0.0,0.1463,0.1463,0.0,0.0,0.0,nublado,0.0
1773544609,0.0,0.1235,0.0,0.0,0.1235,0.1235,0.0,0.0,0.0,nublado,0.0
1773545509,0.0,0.1044,0.0,0.0,0.1044,0.1044,0.0,0.0,0.0,nublado,0.0
1773546409,0.0,0.1412,0.0,0.0,0.1412,0.1412,0.0,0.0,0.0,nublado,0.0
1773547309,0.0,0.0925,0.0,0.0,0.0925,0.0925,0.0,0.0,0.0,nublado,0.0
1773548209,0.0,0.1118,0.0,0.0,0.1118,0.1118,0.0,0.0,0.0,nublado,0.0
1773549109,0.0,0.0932,0.0,0.0,0.0932,0.0932,0.0,0.0,0.0,nublado,0.0
1773550009,0.0,0.1143,0.0,0.0,0.1143,0.1143,0.0,0.0,0.0,nublado,0.0
1773550909,0.0,0.1251,0.0,0.0,0.1251,0.1251,0.0,0.0,0.0,nublado,0.0
1773551809,0.0,0.1475,0.0,0.0,0.1475,0.1475,0.0,0.0,0.0,nublado,0.0
1773552709,0.0,0.1785,0.0,0.0,0.1785,0.1785,0.0,0.0,0.0,nublado,0.0
1773553609,0.0,0.1509,0.0,0.0,0.1509,0.1509,0.0,0.0,0.0,nublado,0.0
1773554509,0.0026,0.2919,0.0,0.0026,0.2919,0.2893,0.0,0.0026,0.0023,nublado,0.0055
1773555409,0.04,0.2695,0.0,0.04,0.2695,0.2296,0.0,0.04,0.0368,nublado,0.0872
1773556309,0.0822,0.3138,0.0,0.0822,0.3138,0.2316,0.0,0.0822,0.0756,nublado,0.1686
1773557209,0.118,0.267,0.0,0.118,0.267,0.149,0.0,0.118,0.1086,nublado,0.2492
1773558109,0.1595,0.291,0.0,0.1595,0.291,0.1315,0.0,0.1595,0.1468,nublado,0.3288
1773559009,0.2076,0.2798,0.0,0.2076,0.2798,0.0722,0.0,0.2076,0.191,nublado,0.407
1773559909,0.2425,0.304,0.0,0.2425,0.304,0.0615,0.0,0.2425,0.2231,nublado,0.4834
1773560809,0.2918,0.3022,0.0,0.2918,0.3022,0.0104,0.0,0.2918,0.2685,nublado,0.5577
1773561709,0.3472,0.3034,0.0438,0.3472,0.3034,0.0,0.0438,0.3034,0.2792,nublado,0.6297
1773562609,0.3326,0.2917,0.0409,0.3326,0.2917,0.0,0.0409,0.2917,0.2684,nublado,0.699
1773563509,0.3746,0.1337,0.2409,0.3746,0.1337,0.0,0.2409,0.1337,0.123,nublado,0.7653
1773564409,0.4283,0.1809,0.2474,0.4283,0.1809,0.0,0.2474,0.1809,0.1665,nublado,0.8283
1773565309,0.4469,0.1458,0.3011,0.4469,0.1458,0.0,0.3011,0.1458,0.1341,nublado,0.8877
1773566209,0.4741,0.1558,0.3182,0.4741,0.1558,0.0,0.3182,0.1558,0.1433,nublado,0.9434
1773567109,0.4733,0.1599,0.3135,0.4733,0.1599,0.0,0.3135,0.1599,0.1471,nublado,0.995
1773568009,0.4937,0.1262,0.3675,0.4937,0.1262,0.0,0.3675,0.1262,0.1161,nublado,1.0424
1773568909,0.5189,0.1364,0.3825,0.5189,0.1364,0.0,0.3825,0.1364,0.1255,nublado,1.0852
1773569809,0.5598,0.1598,0.3999,0.5598,0.1598,0.0,0.3999,0.1598,0.147,nublado,1.1235
1773570709,0.5662,0.1817,0.3845,0.5662,0.1817,0.0,0.3845,0.1817,0.1672,nublado,1.1569
1773571609,0.5408,0.1319,0.4089,0.5408,0.1319,0.0,0.4089,0.1319,0.1213,nublado,1.1854
1773572509,0.595,0.138,0.4571,0.595,0.138,0.0,0.4571,0.138,0.1269,nublado,1.2088
1773573409,0.6456,0.1651,0.4805,0.6456,0.1651,0.0,0.4805,0.1651,0.1519,nublado,1.227
1773574309,0.6061,0.2084,0.3977,0.6061,0.2084,0.0,0.3977,0.2084,0.1917,nublado,1.24
1773575209,0.6148,0.229,0.3857,0.6148,0.229,0.0,0.3857,0.229,0.2107,nublado,1.2477
1773576109,0.63,0.2175,0.4125,0.63,0.2175,0.0,0.4125,0.2175,0.2001,nublado,1.25
1773577009,0.6092,0.2524,0.3567,0.6092,0.2524,0.0,0.3567,0.2524,0.2323,nublado,1.247
1773577909,0.5971,0.1982,0.3989,0.5971,0.1982,0.0,0.3989,0.1982,0.1823,nublado,1.2386
1773578809,0.6602,0.2344,0.4257,0.6602,0.2344,0.0,0.4257,0.2344,0.2157,nublado,1.2249
1773579709,0.5763,0.2229,0.3534,0.5763,0.2229,0.0,0.3534,0.2229,0.2051,nublado,1.206
1773580609,0.6321,0.1976,0.4345,0.6321,0.1976,0.0,0.4345,0.1976,0.1818,nublado,1.1819
1773581509,0.579,0.1435,0.4355,0.579,0.1435,0.0,0.4355,0.1435,0.1321,nublado,1.1528
1773582409,0.555,0.155,0.4,0.555,0.155,0.0,0.4,0.155,0.1426,nublado,1.1187
1773583309,0.5458,0.1514,0.3943,0.5458,0.1514,0.0,0.3943,0.1514,0.1393,nublado,1.0798
1773584209,0.5221,0.1392,0.3829,0.5221,0.1392,0.0,0.3829,0.1392,0.1281,nublado,1.0363
1773585109,0.4798,0.1831,0.2966,0.4798,0.1831,0.0,0.2966,0.1831,0.1685,nublado,0.9884
1773586009,0.4563,0.1302,0.3261,0.4563,0.1302,0.0,0.3261,0.1302,0.1198,nublado,0.9362
1773586909,0.4264,0.1301,0.2963,0.4264,0.1301,0.0,0.2963,0.1301,0.1197,nublado,0.88
1773587809,0.4362,0.1446,0.2916,0.4362,0.1446,0.0,0.2916,0.1446,0.133,nublado,0.8201
1773588709,0.3787,0.1368,0.2419,0.3787,0.1368,0.0,0.2419,0.1368,0.1259,nublado,0.7566
1773589609,0.3466,0.1456,0.201,0.3466,0.1456,0.0,0.201,0.1456,0.1339,nublado,0.6899
1773590509,0.3124,0.1602,0.1523,0.3124,0.1602,0.0,0.1523,0.1602,0.1473,nublado,0.6203
1773591409,0.2744,0.1381,0.1363,0.2744,0.1381,0.0,0.1363,0.1381,0.127,nublado,0.548
1773592309,0.2453,0.1766,0.0687,0.2453,0.1766,0.0,0.0687,0.1766,0.1625,nublado,0.4733
1773593209,0.2095,0.1783,0.0312,0.2095,0.1783,0.0,0.0312,0.1783,0.1641,nublado,0.3966
1773594109,0.1661,0.1724,0.0,0.1661,0.1724,0.0064,0.0,0.1661,0.1528,nublado,0.3183
1773595009,0.1237,0.1373,0.0,0.1237,0.1373,0.0136,0.0,0.1237,0.1138,nublado,0.2385
1773595909,0.0835,0.1495,0.0,0.0835,0.1495,0.066,0.0,0.0835,0.0768,nublado,0.1577
1773596809,0.0372,0.1884,0.0,0.0372,0.1884,0.1512,0.0,0.0372,0.0342,nublado,0.0763
1773597709,0.0,0.4246,0.0,0.0,0.4246,0.4246,0.0,0.0,0.0,nublado,0.0
1773598609,0.0,0.4347,0.0,0.0,0.4347,0.4347,0.0,0.0,0.0,nublado,0.0
1773599509,0.0,0.4388,0.0,0.0,0.4388,0.4388,0.0,0.0,0.0,nublado,0.0
1773600409,0.0,0.4666,0.0,0.0,0.4666,0.4666,0.0,0.0,0.0,nublado,0.0
1773601309,0.0,0.4725,0.0,0.0,0.4725,0.4725,0.0,0.0,0.0,nublado,0.0
1773602209,0.0,0.4645,0.0,0.0,0.4645,0.4645,0.0,0.0,0.0,nublado,0.0
1773603109,0.0,0.4755,0.0,0.0,0.4755,0.4755,0.0,0.0,0.0,nublado,0.0
1773604009,0.0,0.4138,0.0,0.0,0.4138,0.4138,0.0,0.0,0.0,nublado,0.0
1773604909,0.0,0.4215,0.0,0.0,0.4215,0.4215,0.0,0.0,0.0,nublado,0.0
1773605809,0.0,0.4304,0.0,0.0,0.4304,0.4304,0.0,0.0,0.0,nublado,0.0
1773606709,0.0,0.4758,0.0,0.0,0.4758,0.4758,0.0,0.0,0.0,nublado,0.0
1773607609,0.0,0.4421,0.0,0.0,0.4421,0.4421,0.0,0.0,0.0,nublado,0.0
1773608509,0.0,0.4186,0.0,0.0,0.4186,0.4186,0.0,0.0,0.0,nublado,0.0
1773609409,0.0,0.423,0.0,0.0,0.423,0.423,0.0,0.0,0.0,nublado,0.0
1773610309,0.0,0.4345,0.0,0.0,0.4345,0.4345,0.0,0.0,0.0,nublado,0.0
1773611209,0.0,0.4422,0.0,0.0,0.4422,0.4422,0.0,0.0,0.0,nublado,0.0
1773612109,0.0,0.4215,0.0,0.0,0.4215,0.4215,0.0,0.0,0.0,nublado,0.0
1773613009,0.0,0.4166,0.0,0.0,0.4166,0.4166,0.0,0.0,0.0,nublado,0.0
1773613909,0.0,0.1287,0.0,0.0,0.1287,0.1287,0.0,0.0,0.0,nublado,0.0
1773614809,0.0,0.1642,0.0,0.0,0.1642,0.1642,0.0,0.0,0.0,nublado,0.0
1773615709,0.0,0.2228,0.0,0.0,0.2228,0.2228,0.0,0.0,0.0,nublado,0.0
1773616609,0.0,0.2222,0.0,0.0,0.2222,0.2222,0.0,0.0,0.0,nublado,0.0
1773617509,0.0,0.2406,0.0,0.0,0.2406,0.2406,0.0,0.0,0.0,nublado,0.0
1773618409,0.0,0.2419,0.0,0.0,0.2419,0.2419,0.0,0.0,0.0,nublado,0.0
1773619309,0.0,0.0869,0.0,0.0,0.0869,0.0869,0.0,0.0,0.0,nublado,0.0
1773620209,0.0,0.0898,0.0,0.0,0.0898,0.0898,0.0,0.0,0.0,nublado,0.0
1773621109,0.0,0.0582,0.0,0.0,0.0582,0.0582,0.0,0.0,0.0,nublado,0.0
1773622009,0.0,0.0493,0.0,0.0,0.0493,0.0493,0.0,0.0,0.0,nublado,0.0
1773622909,0.0,0.0912,0.0,0.0,0.0912,0.0912,0.0,0.0,0.0,nublado,0.0
1773623809,0.0,0.0872,0.0,0.0,0.0872,0.0872,0.0,0.0,0.0,nublado,0.0
1773624709,0.0,0.0528,0.0,0.0,0.0528,0.0528,0.0,0.0,0.0,nublado,0.0
1773625609,0.0,0.089,0.0,0.0,0.089,0.089,0.0,0.0,0.0,nublado,0.0
1773626509,0.0,0.0916,0.0,0.0,0.0916,0.0916,0.0,0.0,0.0,nublado,0.0
1773627409,0.0,0.0574,0.0,0.0,0.0574,0.0574,0.0,0.0,0.0,nublado,0.0
1773628309,0.0,0.0926,0.0,0.0,0.0926,0.0926,0.0,0.0,0.0,nublado,0.0
1773629209,0.0,0.1091,0.0,0.0,0.1091,0.1091,0.0,0.0,0.0,nublado,0.0
1773630109,0.0,0.0537,0.0,0.0,0.0537,0.0537,0.0,0.0,0.0,nublado,0.0
1773631009,0.0,0.0551,0.0,0.0,0.0551,0.0551,0.0,0.0,0.0,nublado,0.0
1773631909,0.0,0.0937,0.0,0.0,0.0937,0.0937,0.0,0.0,0.0,nublado,0.0
1773632809,0.0,0.0891,0.0,0.0,0.0891,0.0891,0.0,0.0,0.0,nublado,0.0
1773633709,0.0,0.1036,0.0,0.0,0.1036,0.1036,0.0,0.0,0.0,nublado,0.0
1773634609,0.0,0.0944,0.0,0.0,0.0944,0.0944,0.0,0.0,0.0,nublado,0.0
1773635509,0.0,0.0716,0.0,0.0,0.0716,0.0716,0.0,0.0,0.0,nublado,0.0
1773636409,0.0,0.0476,0.0,0.0,0.0476,0.0476,0.0,0.0,0.0,nublado,0.0
1773637309,0.0,0.1387,0.0,0.0,0.1387,0.1387,0.0,0.0,0.0,nublado,0.0
1773638209,0.0,0.117,0.0,0.0,0.117,0.117,0.0,0.0,0.0,nublado,0.0
1773639109,0.0,0.1411,0.0,0.0,0.1411,0.1411,0.0,0.0,0.0,nublado,0.0
1773640009,0.0,0.1177,0.0,0.0,0.1177,0.1177,0.0,0.0,0.0,nublado,0.0
1773640909,0.0029,0.2688,0.0,0.0029,0.2688,0.2659,0.0,0.0029,0.0027,nublado,0.0055
1773641809,0.0447,0.2292,0.0,0.0447,0.2292,0.1845,0.0,0.0447,0.0411,nublado,0.0872
1773642709,0.0856,0.242,0.0,0.0856,0.242,0.1565,0.0,0.0856,0.0787,nublado,0.1686
1773643609,0.1284,0.2823,0.0,0.1284,0.2823,0.1539,0.0,0.1284,0.1181,nublado,0.2492
1773644509,0.1523,0.2422,0.0,0.1523,0.2422,0.0899,0.0,0.1523,0.1401,nublado,0.3288
1773645409,0.212,0.2719,0.0,0.212,0.2719,0.06,0.0,0.212,0.195,nublado,0.407
1773646309,0.2424,0.2418,0.0007,0.2424,0.2418,0.0,0.0007,0.2418,0.2224,nublado,0.4834
1773647209,0.2902,0.2744,0.0157,0.2902,0.2744,0.0,0.0157,0.2744,0.2525,nublado,0.5577
1773648109,0.328,0.2331,0.0948,0.328,0.2331,0.0,0.0948,0.2331,0.2145,nublado,0.6297
1773649009,0.3533,0.2317,0.1216,0.3533,0.2317,0.0,0.1216,0.2317,0.2131,nublado,0.699
1773649909,0.3692,0.0871,0.2821,0.3692,0.0871,0.0,0.2821,0.0871,0.0802,nublado,0.7653
1773650809,0.4342,0.1121,0.3221,0.4342,0.1121,0.0,0.3221,0.1121,0.1031,nublado,0.8283
1773651709,0.4229,0.1064,0.3165,0.4229,0.1064,0.0,0.3165,0.1064,0.0979,nublado,0.8877
1773652609,0.4415,0.0909,0.3506,0.4415,0.0909,0.0,0.3506,0.0909,0.0836,nublado,0.9434
1773653509,0.5332,0.0992,0.434,0.5332,0.0992,0.0,0.434,0.0992,0.0912,nublado,0.995
1773654409,0.5059,0.1384,0.3675,0.5059,0.1384,0.0,0.3675,0.1384,0.1273,nublado,1.0424
1773655309,0.5748,0.0951,0.4797,0.5748,0.0951,0.0,0.4797,0.0951,0.0875,nublado,1.0852
1773656209,0.5693,0.1157,0.4537,0.5693,0.1157,0.0,0.4537,0.1157,0.1064,nublado,1.1235
1773657109,0.5295,0.1241,0.4055,0.5295,0.1241,0.0,0.4055,0.1241,0.1141,nublado,1.1569
1773658009,0.6016,0.1304,0.4712,0.6016,0.1304,0.0,0.4712,0.1304,0.12,nublado,1.1854
1773658909,0.5442,0.0902,0.454,0.5442,0.0902,0.0,0.454,0.0902,0.083,nublado,1.2088
1773659809,0.6405,0.1244,0.5161,0.6405,0.1244,0.0,0.5161,0.1244,0.1144,nublado,1.227
1773660709,0.5909,0.1657,0.4252,0.5909,0.1657,0.0,0.4252,0.1657,0.1524,nublado,1.24
1773661609,0.5855,0.1558,0.4297,0.5855,0.1558,0.0,0.4297,0.1558,0.1434,nublado,1.2477
1773662509,0.6239,0.175,0.4489,0.6239,0.175,0.0,0.4489,0.175,0.161,nublado,1.25
1773663409,0.5835,0.2053,0.3782,0.5835,0.2053,0.0,0.3782,0.2053,0.1889,nublado,1.247
1773664309,0.5751,0.1629,0.4122,0.5751,0.1629,0.0,0.4122,0.1629,0.1498,nublado,1.2386
1773665209,0.6279,0.1557,0.4722,0.6279,0.1557,0.0,0.4722,0.1557,0.1432,nublado,1.2249
1773666109,0.5898,0.1476,0.4421,0.5898,0.1476,0.0,0.4421,0.1476,0.1358,nublado,1.206
1773667009,0.5977,0.1763,0.4214,0.5977,0.1763,0.0,0.4214,0.1763,0.1622,nublado,1.1819
1773667909,0.5758,0.1307,0.4451,0.5758,0.1307,0.0,0.4451,0.1307,0.1203,nublado,1.1528
1773668809,0.526,0.1342,0.3918,0.526,0.1342,0.0,0.3918,0.1342,0.1235,nublado,1.1187
1773669709,0.5253,0.1221,0.4033,0.5253,0.1221,0.0,0.4033,0.1221,0.1123,nublado,1.0798
1773670609,0.5317,0.1068,0.4249,0.5317,0.1068,0.0,0.4249,0.1068,0.0983,nublado,1.0363
1773671509,0.5073,0.1428,0.3645,0.5073,0.1428,0.0,0.3645,0.1428,0.1314,nublado,0.9884
1773672409,0.4549,0.1065,0.3484,0.4549,0.1065,0.0,0.3484,0.1065,0.098,nublado,0.9362
1773673309,0.4439,0.1048,0.3391,0.4439,0.1048,0.0,0.3391,0.1048,0.0964,nublado,0.88
1773674209,0.3961,0.0825,0.3136,0.3961,0.0825,0.0,0.3136,0.0825,0.0759,nublado,0.8201
1773675109,0.3824,0.1364,0.246,0.3824,0.1364,0.0,0.246,0.1364,0.1254,nublado,0.7566
1773676009,0.3474,0.0938,0.2536,0.3474,0.0938,0.0,0.2536,0.0938,0.0863,nublado,0.6899
1773676909,0.2877,0.1391,0.1486,0.2877,0.1391,0.0,0.1486,0.1391,0.128,nublado,0.6203
1773677809,0.2784,0.1357,0.1427,0.2784,0.1357,0.0,0.1427,0.1357,0.1248,nublado,0.548
1773678709,0.2506,0.1008,0.1498,0.2506,0.1008,0.0,0.1498,0.1008,0.0928,nublado,0.4733
1773679609,0.1969,0.1051,0.0919,0.1969,0.1051,0.0,0.0919,0.1051,0.0967,nublado,0.3966
1773680509,0.1583,0.1347,0.0236,0.1583,0.1347,0.0,0.0236,0.1347,0.1239,nublado,0.3183
1773681409,0.1308,0.132,0.0,0.1308,0.132,0.0012,0.0,0.1308,0.1204,nublado,0.2385
1773682309,0.0767,0.0933,0.0,0.0767,0.0933,0.0166,0.0,0.0767,0.0706,nublado,0.1577
1773683209,0.0376,0.0836,0.0,0.0376,0.0836,0.046,0.0,0.0376,0.0346,nublado,0.0763
1773684109,0.0,0.3873,0.0,0.0,0.3873,0.3873,0.0,0.0,0.0,nublado,0.0
1773685009,0.0,0.3765,0.0,0.0,0.3765,0.3765,0.0,0.0,0.0,nublado,0.0
1773685909,0.0,0.3846,0.0,0.0,0.3846,0.3846,0.0,0.0,0.0,nublado,0.0
1773686809,0.0,0.3901,0.0,0.0,0.3901,0.3901,0.0,0.0,0.0,nublado,0.0
1773687709,0.0,0.3831,0.0,0.0,0.3831,0.3831,0.0,0.0,0.0,nublado,0.0
1773688609,0.0,0.3697,0.0,0.0,0.3697,0.3697,0.0,0.0,0.0,nublado,0.0
1773689509,0.0,0.3994,0.0,0.0,0.3994,0.3994,0.0,0.0,0.0,nublado,0.0
1773690409,0.0,0.3757,0.0,0.0,0.3757,0.3757,0.0,0.0,0.0,nublado,0.0
1773691309,0.0,0.41,0.0,0.0,0.41,0.41,0.0,0.0,0.0,nublado,0.0
1773692209,0.0,0.3714,0.0,0.0,0.3714,0.3714,0.0,0.0,0.0,nublado,0.0
1773693109,0.0,0.378,0.0,0.0,0.378,0.378,0.0,0.0,0.0,nublado,0.0
1773694009,0.0,0.4057,0.0,0.0,0.4057,0.4057,0.0,0.0,0.0,nublado,0.0
1773694909,0.0,0.3878,0.0,0.0,0.3878,0.3878,0.0,0.0,0.0,nublado,0.0
1773695809,0.0,0.3964,0.0,0.0,0.3964,0.3964,0.0,0.0,0.0,nublado,0.0
1773696709,0.0,0.3836,0.0,0.0,0.3836,0.3836,0.0,0.0,0.0,nublado,0.0
1773697609,0.0,0.4315,0.0,0.0,0.4315,0.4315,0.0,0.0,0.0,nublado,0.0
1773698509,0.0,0.3676,0.0,0.0,0.3676,0.3676,0.0,0.0,0.0,nublado,0.0
1773699409,0.0,0.4002,0.0,0.0,0.4002,0.4002,0.0,0.0,0.0,nublado,0.0
1773700309,0.0,0.1184,0.0,0.0,0.1184,0.1184,0.0,0.0,0.0,nublado,0.0
1773701209,0.0,0.0831,0.0,0.0,0.0831,0.0831,0.0,0.0,0.0,nublado,0.0
1773702109,0.0,0.1927,0.0,0.0,0.1927,0.1927,0.0,0.0,0.0,nublado,0.0
1773703009,0.0,0.1493,0.0,0.0,0.1493,0.1493,0.0,0.0,0.0,nublado,0.0
1773703909,0.0,0.1643,0.0,0.0,0.1643,0.1643,0.0,0.0,0.0,nublado,0.0
1773704809,0.0,0.1912,0.0,0.0,0.1912,0.1912,0.0,0.0,0.0,nublado,0.0
1773705709,0.0,0.0579,0.0,0.0,0.0579,0.0579,0.0,0.0,0.0,parcialmente_nublado,0.0
1773706609,0.0,0.1002,0.0,0.0,0.1002,0.1002,0.0,0.0,0.0,parcialmente_nublado,0.0
1773707509,0.0,0.0644,0.0,0.0,0.0644,0.0644,0.0,0.0,0.0,parcialmente_nublado,0.0
1773708409,0.0,0.0705,0.0,0.0,0.0705,0.0705,0.0,0.0,0.0,parcialmente_nublado,0.0
1773709309,0.0,0.0959,0.0,0.0,0.0959,0.0959,0.0,0.0,0.0,parcialmente_nublado,0.0
1773710209,0.0,0.0491,0.0,0.0,0.0491,0.0491,0.0,0.0,0.0,parcialmente_nublado,0.0
1773711109,0.0,0.0805,0.0,0.0,0.0805,0.0805,0.0,0.0,0.0,parcialmente_nublado,0.0
1773712009,0.0,0.048,0.0,0.0,0.048,0.048,0.0,0.0,0.0,parcialmente_nublado,0.0
1773712909,0.0,0.0774,0.0,0.0,0.0774,0.0774,0.0,0.0,0.0,parcialmente_nublado,0.0
1773713809,0.0,0.073,0.0,0.0,0.073,0.073,0.0,0.0,0.0,parcialmente_nublado,0.0
1773714709,0.0,0.0865,0.0,0.0,0.0865,0.0865,0.0,0.0,0.0,parcialmente_nublado,0.0
1773715609,0.0,0.0893,0.0,0.0,0.0893,0.0893,0.0,0.0,0.0,parcialmente_nublado,0.0
1773716509,0.0,0.0627,0.0,0.0,0.0627,0.0627,0.0,0.0,0.0,parcialmente_nublado,0.0
1773717409,0.0,0.0853,0.0,0.0,0.0853,0.0853,0.0,0.0,0.0,parcialmente_nublado,0.0
1773718309,0.0,0.0851,0.0,0.0,0.0851,0.0851,0.0,0.0,0.0,parcialmente_nublado,0.0
1773719209,0.0,0.0915,0.0,0.0,0.0915,0.0915,0.0,0.0,0.0,parcialmente_nublado,0.0
1773720109,0.0,0.1068,0.0,0.0,0.1068,0.1068,0.0,0.0,0.0,parcialmente_nublado,0.0
1773721009,0.0,0.0846,0.0,0.0,0.0846,0.0846,0.0,0.0,0.0,parcialmente_nublado,0.0
1773721909,0.0,0.0714,0.0,0.0,0.0714,0.0714,0.0,0.0,0.0,parcialmente_nublado,0.0
1773722809,0.0,0.0904,0.0,0.0,0.0904,0.0904,0.0,0.0,0.0,parcialmente_nublado,0.0
1773723709,0.0,0.0929,0.0,0.0,0.0929,0.0929,0.0,0.0,0.0,parcialmente_nublado,0.0
1773724609,0.0,0.094,0.0,0.0,0.094,0.094,0.0,0.0,0.0,parcialmente_nublado,0.0
1773725509,0.0,0.1405,0.0,0.0,0.1405,0.1405,0.0,0.0,0.0,parcialmente_nublado,0.0
1773726409,0.0,0.1273,0.0,0.0,0.1273,0.1273,0.0,0.0,0.0,parcialmente_nublado,0.0
1773727309,0.004,0.2823,0.0,0.004,0.2823,0.2783,0.0,0.004,0.0037,parcialmente_nublado,0.0055
1773728209,0.063,0.2521,0.0,0.063,0.2521,0.189,0.0,0.063,0.058,parcialmente_nublado,0.0872
1773729109,0.127,0.2267,0.0,0.127,0.2267,0.0997,0.0,0.127,0.1169,parcialmente_nublado,0.1686
1773730009,0.1823,0.2628,0.0,0.1823,0.2628,0.0805,0.0,0.1823,0.1677,parcialmente_nublado,0.2492
1773730909,0.2546,0.2514,0.0033,0.2546,0.2514,0.0,0.0033,0.2514,0.2312,parcialmente_nublado,0.3288
1773731809,0.3126,0.2598,0.0528,0.3126,0.2598,0.0,0.0528,0.2598,0.239,parcialmente_nublado,0.407
1773732709,0.3738,0.2176,0.1562,0.3738,0.2176,0.0,0.1562,0.2176,0.2002,parcialmente_nublado,0.4834
1773733609,0.4269,0.26,0.1669,0.4269,0.26,0.0,0.1669,0.26,0.2392,parcialmente_nublado,0.5577
1773734509,0.4554,0.2373,0.2182,0.4554,0.2373,0.0,0.2182,0.2373,0.2183,parcialmente_nublado,0.6297
1773735409,0.5007,0.2455,0.2552,0.5007,0.2455,0.0,0.2552,0.2455,0.2259,parcialmente_nublado,0.699
1773736309,0.5245,0.0809,0.4436,0.5245,0.0809,0.0,0.4436,0.0809,0.0745,parcialmente_nublado,0.7653
1773737209,0.5679,0.0866,0.4813,0.5679,0.0866,0.0,0.4813,0.0866,0.0797,parcialmente_nublado,0.8283
1773738109,0.6191,0.1258,0.4933,0.6191,0.1258,0.0,0.4933,0.1258,0.1157,parcialmente_nublado,0.8877
1773739009,0.6981,0.0963,0.6017,0.6981,0.0963,0.0,0.6017,0.0963,0.0886,parcialmente_nublado,0.9434
1773739909,0.7024,0.0801,0.6223,0.7024,0.0801,0.0,0.6223,0.0801,0.0737,parcialmente_nublado,0.995
1773740809,0.7671,0.1384,0.6287,0.7671,0.1384,0.0,0.6287,0.1384,0.1274,parcialmente_nublado,1.0424
1773741709,0.7991,0.129,0.6701,0.7991,0.129,0.0,0.6701,0.129,0.1187,parcialmente_nublado,1.0852
1773742609,0.7832,0.1047,0.6786,0.7832,0.1047,0.0,0.6786,0.1047,0.0963,parcialmente_nublado,1.1235
1773743509,0.8829,0.0982,0.7847,0.8829,0.0982,0.0,0.7847,0.0982,0.0904,parcialmente_nublado,1.1569
1773744409,0.8184,0.1063,0.7122,0.8184,0.1063,0.0,0.7122,0.1063,0.0978,parcialmente_nublado,1.1854
1773745309,0.856,0.1337,0.7223,0.856,0.1337,0.0,0.7223,0.1337,0.123,parcialmente_nublado,1.2088
1773746209,0.9265,0.1269,0.7996,0.9265,0.1269,0.0,0.7996,0.1269,0.1168,parcialmente_nublado,1.227
1773747109,0.8558,0.1478,0.708,0.8558,0.1478,0.0,0.708,0.1478,0.136,parcialmente_nublado,1.24
1773748009,0.8709,0.1859,0.685,0.8709,0.1859,0.0,0.685,0.1859,0.171,parcialmente_nublado,1.2477
1773748909,0.9355,0.1818,0.7536,0.9355,0.1818,0.0,0.7536,0.1818,0.1673,parcialmente_nublado,1.25
1773749809,0.9455,0.1754,0.77,0.9455,0.1754,0.0,0.77,0.1754,0.1614,parcialmente_nublado,1.247
1773750709,0.8719,0.1678,0.7041,0.8719,0.1678,0.0,0.7041,0.1678,0.1544,parcialmente_nublado,1.2386
1773751609,0.8678,0.1846,0.6833,0.8678,0.1846,0.0,0.6833,0.1846,0.1698,parcialmente_nublado,1.2249
1773752509,0.9133,0.1541,0.7592,0.9133,0.1541,0.0,0.7592,0.1541,0.1417,parcialmente_nublado,1.206
1773753409,0.8798,0.179,0.7008,0.8798,0.179,0.0,0.7008,0.179,0.1647,parcialmente_nublado,1.1819
1773754309,0.8991,0.1196,0.7795,0.8991,0.1196,0.0,0.7795,0.1196,0.11,parcialmente_nublado,1.1528
1773755209,0.8201,0.0943,0.7258,0.8201,0.0943,0.0,0.7258,0.0943,0.0867,parcialmente_nublado,1.1187
1773756109,0.8541,0.1386,0.7155,0.8541,0.1386,0.0,0.7155,0.1386,0.1275,parcialmente_nublado,1.0798
1773757009,0.7278,0.1445,0.5833,0.7278,0.1445,0.0,0.5833,0.1445,0.1329,parcialmente_nublado,1.0363
1773757909,0.7313,0.1193,0.612,0.7313,0.1193,0.0,0.612,0.1193,0.1098,parcialmente_nublado,0.9884
1773758809,0.6825,0.1177,0.5649,0.6825,0.1177,0.0,0.5649,0.1177,0.1083,parcialmente_nublado,0.9362
1773759709,0.6858,0.0975,0.5883,0.6858,0.0975,0.0,0.5883,0.0975,0.0897,parcialmente_nublado,0.88
1773760609,0.5771,0.0808,0.4963,0.5771,0.0808,0.0,0.4963,0.0808,0.0743,parcialmente_nublado,0.8201
1773761509,0.5611,0.094,0.4671,0.5611,0.094,0.0,0.4671,0.094,0.0865,parcialmente_nublado,0.7566
1773762409,0.5166,0.1288,0.3878,0.5166,0.1288,0.0,0.3878,0.1288,0.1185,parcialmente_nublado,0.6899
1773763309,0.4245,0.1152,0.3093,0.4245,0.1152,0.0,0.3093,0.1152,0.106,parcialmente_nublado,0.6203
1773764209,0.4096,0.1145,0.2951,0.4096,0.1145,0.0,0.2951,0.1145,0.1054,parcialmente_nublado,0.548
1773765109,0.3521,0.0822,0.2699,0.3521,0.0822,0.0,0.2699,0.0822,0.0757,parcialmente_nublado,0.4733
1773766009,0.2888,0.1196,0.1692,0.2888,0.1196,0.0,0.1692,0.1196,0.11,parcialmente_nublado,0.3966
1773766909,0.2122,0.1276,0.0846,0.2122,0.1276,0.0,0.0846,0.1276,0.1174,parcialmente_nublado,0.3183
1773767809,0.1657,0.0818,0.0839,0.1657,0.0818,0.0,0.0839,0.0818,0.0753,parcialmente_nublado,0.2385
1773768709,0.1144,0.1023,0.0121,0.1144,0.1023,0.0,0.0121,0.1023,0.0941,parcialmente_nublado,0.1577
1773769609,0.0562,0.104,0.0,0.0562,0.104,0.0478,0.0,0.0562,0.0517,parcialmente_nublado,0.0763
1773770509,0.0,0.4162,0.0,0.0,0.4162,0.4162,0.0,0.0,0.0,parcialmente_nublado,0.0
1773771409,0.0,0.4289,0.0,0.0,0.4289,0.4289,0.0,0.0,0.0,parcialmente_nublado,0.0
1773772309,0.0,0.4087,0.0,0.0,0.4087,0.4087,0.0,0.0,0.0,parcialmente_nublado,0.0
1773773209,0.0,0.3928,0.0,0.0,0.3928,0.3928,0.0,0.0,0.0,parcialmente_nublado,0.0
1773774109,0.0,0.3894,0.0,0.0,0.3894,0.3894,0.0,0.0,0.0,parcialmente_nublado,0.0
1773775009,0.0,0.39,0.0,0.0,0.39,0.39,0.0,0.0,0.0,parcialmente_nublado,0.0
1773775909,0.0,0.3799,0.0,0.0,0.3799,0.3799,0.0,0.0,0.0,parcialmente_nublado,0.0
1773776809,0.0,0.3954,0.0,0.0,0.3954,0.3954,0.0,0.0,0.0,parcialmente_nublado,0.0
1773777709,0.0,0.4297,0.0,0.0,0.4297,0.4297,0.0,0.0,0.0,parcialmente_nublado,0.0
1773778609,0.0,0.3845,0.0,0.0,0.3845,0.3845,0.0,0.0,0.0,parcialmente_nublado,0.0
1773779509,0.0,0.3954,0.0,0.0,0.3954,0.3954,0.0,0.0,0.0,parcialmente_nublado,0.0
1773780409,0.0,0.4157,0.0,0.0,0.4157,0.4157,0.0,0.0,0.0,parcialmente_nublado,0.0
1773781309,0.0,0.4044,0.0,0.0,0.4044,0.4044,0.0,0.0,0.0,parcialmente_nublado,0.0
1773782209,0.0,0.3948,0.0,0.0,0.3948,0.3948,0.0,0.0,0.0,parcialmente_nublado,0.0
1773783109,0.0,0.4085,0.0,0.0,0.4085,0.4085,0.0,0.0,0.0,parcialmente_nublado,0.0
1773784009,0.0,0.3864,0.0,0.0,0.3864,0.3864,0.0,0.0,0.0,parcialmente_nublado,0.0
1773784909,0.0,0.4041,0.0,0.0,0.4041,0.4041,0.0,0.0,0.0,parcialmente_nublado,0.0
1773785809,0.0,0.431,0.0,0.0,0.431,0.431,0.0,0.0,0.0,parcialmente_nublado,0.0
1773786709,0.0,0.0931,0.0,0.0,0.0931,0.0931,0.0,0.0,0.0,parcialmente_nublado,0.0
1773787609,0.0,0.1054,0.0,0.0,0.1054,0.1054,0.0,0.0,0.0,parcialmente_nublado,0.0
1773788509,0.0,0.1362,0.0,0.0,0.1362,0.1362,0.0,0.0,0.0,parcialmente_nublado,0.0
1773789409,0.0,0.1553,0.0,0.0,0.1553,0.1553,0.0,0.0,0.0,parcialmente_nublado,0.0
1773790309,0.0,0.1778,0.0,0.0,0.1778,0.1778,0.0,0.0,0.0,parcialmente_nublado,0.0
1773791209,0.0,0.1688,0.0,0.0,0.1688,0.1688,0.0,0.0,0.0,parcialmente_nublado,0.0
1773792109,0.0,0.0713,0.0,0.0,0.0713,0.0713,0.0,0.0,0.0,parcialmente_nublado,0.0
1773793009,0.0,0.0522,0.0,0.0,0.0522,0.0522,0.0,0.0,0.0,parcialmente_nublado,0.0
1773793909,0.0,0.0724,0.0,0.0,0.0724,0.0724,0.0,0.0,0.0,parcialmente_nublado,0.0
1773794809,0.0,0.0487,0.0,0.0,0.0487,0.0487,0.0,0.0,0.0,parcialmente_nublado,0.0
1773795709,0.0,0.1005,0.0,0.0,0.1005,0.1005,0.0,0.0,0.0,parcialmente_nublado,0.0
1773796609,0.0,0.0795,0.0,0.0,0.0795,0.0795,0.0,0.0,0.0,parcialmente_nublado,0.0
1773797509,0.0,0.0703,0.0,0.0,0.0703,0.0703,0.0,0.0,0.0,parcialmente_nublado,0.0
1773798409,0.0,0.0787,0.0,0.0,0.0787,0.0787,0.0,0.0,0.0,parcialmente_nublado,0.0
1773799309,0.0,0.0864,0.0,0.0,0.0864,0.0864,0.0,0.0,0.0,parcialmente_nublado,0.0
1773800209,0.0,0.0546,0.0,0.0,0.0546,0.0546,0.0,0.0,0.0,parcialmente_nublado,0.0
1773801109,0.0,0.0731,0.0,0.0,0.0731,0.0731,0.0,0.0,0.0,parcialmente_nublado,0.0
1773802009,0.0,0.0813,0.0,0.0,0.0813,0.0813,0.0,0.0,0.0,parcialmente_nublado,0.0
1773802909,0.0,0.1076,0.0,0.0,0.1076,0.1076,0.0,0.0,0.0,parcialmente_nublado,0.0
1773803809,0.0,0.067,0.0,0.0,0.067,0.067,0.0,0.0,0.0,parcialmente_nublado,0.0
1773804709,0.0,0.0796,0.0,0.0,0.0796,0.0796,0.0,0.0,0.0,parcialmente_nublado,0.0
1773805609,0.0,0.11,0.0,0.0,0.11,0.11,0.0,0.0,0.0,parcialmente_nublado,0.0
1773806509,0.0,0.0824,0.0,0.0,0.0824,0.0824,0.0,0.0,0.0,parcialmente_nublado,0.0
1773807409,0.0,0.0492,0.0,0.0,0.0492,0.0492,0.0,0.0,0.0,parcialmente_nublado,0.0
1773808309,0.0,0.0772,0.0,0.0,0.0772,0.0772,0.0,0.0,0.0,parcialmente_nublado,0.0
1773809209,0.0,0.0649,0.0,0.0,0.0649,0.0649,0.0,0.0,0.0,parcialmente_nublado,0.0
1773810109,0.0,0.1032,0.0,0.0,0.1032,0.1032,0.0,0.0,0.0,parcialmente_nublado,0.0
1773811009,0.0,0.1229,0.0,0.0,0.1229,0.1229,0.0,0.0,0.0,parcialmente_nublado,0.0
1773811909,0.0,0.1413,0.0,0.0,0.1413,0.1413,0.0,0.0,0.0,parcialmente_nublado,0.0
1773812809,0.0,0.0821,0.0,0.0,0.0821,0.0821,0.0,0.0,0.0,parcialmente_nublado,0.0
1773813709,0.0039,0.2796,0.0,0.0039,0.2796,0.2757,0.0,0.0039,0.0036,parcialmente_nublado,0.0055
1773814609,0.0593,0.2325,0.0,0.0593,0.2325,0.1732,0.0,0.0593,0.0545,parcialmente_nublado,0.0872
1773815509,0.1213,0.2745,0.0,0.1213,0.2745,0.1533,0.0,0.1213,0.1116,parcialmente_nublado,0.1686
1773816409,0.1819,0.2663,0.0,0.1819,0.2663,0.0845,0.0,0.1819,0.1673,parcialmente_nublado,0.2492
1773817309,0.2416,0.2361,0.0055,0.2416,0.2361,0.0,0.0055,0.2361,0.2172,parcialmente_nublado,0.3288
1773818209,0.3067,0.2233,0.0834,0.3067,0.2233,0.0,0.0834,0.2233,0.2054,parcialmente_nublado,0.407
1773819109,0.3668,0.2647,0.1021,0.3668,0.2647,0.0,0.1021,0.2647,0.2435,parcialmente_nublado,0.4834
1773820009,0.4361,0.238,0.1981,0.4361,0.238,0.0,0.1981,0.238,0.219,parcialmente_nublado,0.5577
1773820909,0.4551,0.2197,0.2354,0.4551,0.2197,0.0,0.2354,0.2197,0.2021,parcialmente_nublado,0.6297
1773821809,0.5276,0.246,0.2816,0.5276,0.246,0.0,0.2816,0.246,0.2263,parcialmente_nublado,0.699
1773822709,0.5627,0.0863,0.4764,0.5627,0.0863,0.0,0.4764,0.0863,0.0794,parcialmente_nublado,0.7653
1773823609,0.6292,0.1005,0.5288,0.6292,0.1005,0.0,0.5288,0.1005,0.0924,parcialmente_nublado,0.8283
1773824509,0.6874,0.0998,0.5877,0.6874,0.0998,0.0,0.5877,0.0998,0.0918,parcialmente_nublado,0.8877
1773825409,0.6823,0.1152,0.5671,0.6823,0.1152,0.0,0.5671,0.1152,0.106,parcialmente_nublado,0.9434
1773826309,0.7825,0.0941,0.6884,0.7825,0.0941,0.0,0.6884,0.0941,0.0866,parcialmente_nublado,0.995
1773827209,0.7563,0.1177,0.6386,0.7563,0.1177,0.0,0.6386,0.1177,0.1082,parcialmente_nublado,1.0424
1773828109,0.808,0.1175,0.6905,0.808,0.1175,0.0,0.6905,0.1175,0.1081,parcialmente_nublado,1.0852
1773829009,0.8087,0.13,0.6786,0.8087,0.13,0.0,0.6786,0.13,0.1196,parcialmente_nublado,1.1235
1773829909,0.8503,0.1233,0.727,0.8503,0.1233,0.0,0.727,0.1233,0.1135,parcialmente_nublado,1.1569
1773830809,0.8486,0.1209,0.7277,0.8486,0.1209,0.0,0.7277,0.1209,0.1113,parcialmente_nublado,1.1854
1773831709,0.9519,0.1308,0.8211,0.9519,0.1308,0.0,0.8211,0.1308,0.1203,parcialmente_nublado,1.2088
1773832609,0.9914,0.1339,0.8575,0.9914,0.1339,0.0,0.8575,0.1339,0.1232,parcialmente_nublado,1.227
1773833509,0.9751,0.2004,0.7747,0.9751,0.2004,0.0,0.7747,0.2004,0.1844,parcialmente_nublado,1.24
1773834409,0.9602,0.1802,0.78,0.9602,0.1802,0.0,0.78,0.1802,0.1658,parcialmente_nublado,1.2477
1773835309,0.904,0.2033,0.7007,0.904,0.2033,0.0,0.7007,0.2033,0.187,parcialmente_nublado,1.25
1773836209,0.9128,0.191,0.7218,0.9128,0.191,0.0,0.7218,0.191,0.1757,parcialmente_nublado,1.247
1773837109,0.8914,0.1695,0.7219,0.8914,0.1695,0.0,0.7219,0.1695,0.1559,parcialmente_nublado,1.2386
1773838009,0.9117,0.1646,0.7471,0.9117,0.1646,0.0,0.7471,0.1646,0.1514,parcialmente_nublado,1.2249
1773838909,0.8222,0.204,0.6182,0.8222,0.204,0.0,0.6182,0.204,0.1877,parcialmente_nublado,1.206
1773839809,0.8467,0.1597,0.687,0.8467,0.1597,0.0,0.687,0.1597,0.1469,parcialmente_nublado,1.1819
